date,Open,High,Low,Close,All,MA5,MA20,MA60
2018/10/01,3700,3775,3670,3740,560,722.2,990.75,722.15
2018/09/28,3825,3880,3630,3635,888,1098.4,980.4,723
2018/09/27,3720,3895,3680,3780,738,1192,951.25,715.417
2018/09/26,3755,3785,3705,3770,472,1294,932.45,708
2018/09/25,3760,3810,3680,3730,953,1599.4,942.05,709.1
2018/09/21,3595,3870,3425,3870,2441,1513,910.25,701.95
2018/09/20,3900,3945,3770,3800,1356,1211,804.3,667.233
2018/09/19,3865,3910,3810,3865,1248,1189.4,761.75,654.983
2018/09/18,4200,4200,3860,3860,1999,1173.2,727.6,644.617
2018/09/17,4410,4410,4285,4285,521,924.6,660.55,618
2018/09/14,4315,4405,4240,4405,931,1031.2,654.35,614.883
2018/09/13,4210,4265,4055,4110,1248,974.2,629.95,611.717
2018/09/12,4380,4380,4070,4210,1167,935,608.45,599.95
2018/09/11,4370,4490,4330,4340,756,823.8,620.85,593.583
2018/09/10,4680,4725,4305,4360,1054,809.2,629.8,598.917
2018/09/07,4600,4730,4580,4730,646,696.6,636.25,590.1
2018/09/06,4645,4695,4515,4640,1052,638,614.05,589.9
2018/09/05,4900,4945,4870,4890,611,488.6,572.8,588.55
2018/09/04,4845,4890,4770,4890,683,438.8,562,585.933
2018/09/03,4755,4800,4640,4690,491,435,547.85,583.717
2018/08/31,4735,4740,4645,4705,353,400.2,547.4,587.367
2018/08/30,4815,4830,4710,4745,305,394,550.3,591.8
2018/08/29,4780,4840,4735,4760,362,434,566.15,610.717
2018/08/28,4715,4790,4695,4765,664,474.6,590.4,618.6
2018/08/27,4575,4615,4530,4615,317,473.4,579.65,622.9
2018/08/24,4470,4515,4465,4505,322,489.4,584.1,628.75
2018/08/23,4540,4560,4455,4485,505,513.6,581.1,645.383
2018/08/22,4695,4715,4490,4490,565,576.2,570.6,647.767
2018/08/21,4595,4730,4535,4700,658,746.2,560.25,653.183
2018/08/20,4450,4590,4450,4590,397,801.6,550.2,655.817
2018/08/17,4505,4650,4430,4430,443,958.8,556.25,655.117
2018/08/16,4355,4630,4350,4520,818,910.6,601.7,657.883
2018/08/15,4600,4600,4400,4455,1415,792.4,592.75,652.167
2018/08/14,4715,4760,4500,4630,935,588.4,542.65,636.05
2018/08/13,5070,5070,4575,4630,1183,481.4,516.45,628.783
2018/08/10,5110,5110,5060,5080,202,341.2,492.1,622.383
2018/08/09,5025,5100,4995,5100,227,383,536.4,628.4
2018/08/08,5035,5125,5015,5060,395,462,570.05,631.25
2018/08/07,5135,5135,4990,5015,400,552.4,582.4,639.317
2018/08/06,5180,5240,5115,5130,482,562.2,596.35,645.583
2018/08/03,5090,5135,5080,5130,411,547,628.3,650.167
2018/08/02,5080,5140,4995,5005,622,517.2,638.3,652.55
2018/08/01,5240,5330,5040,5050,847,451.8,628.85,659.7
2018/07/31,5150,5175,5090,5150,449,354,601.15,659.483
2018/07/30,5220,5235,5165,5180,406,355.6,605.6,683.483
2018/07/27,5200,5265,5175,5260,262,378,611.5,688.1
2018/07/26,5260,5260,5155,5200,295,596,616.3,708.433
2018/07/25,5175,5225,5150,5225,358,664.8,632.6,728.3
2018/07/24,5195,5240,5085,5200,457,675.8,646,733.467
2018/07/23,5240,5260,5150,5175,518,666.6,643.25,736.033
2018/07/20,5110,5295,5090,5270,1352,702.2,634.05,736.8
2018/07/19,5055,5170,5035,5055,639,649.4,603.5,722.467
2018/07/18,5020,5065,4990,5020,413,701.6,598.65,725.883
2018/07/17,5030,5080,4960,4995,411,747.4,617.25,732.65
2018/07/16,5090,5130,5030,5040,696,801,650.5,739.483
2018/07/13,5075,5075,4920,5040,1088,886,641.95,743.467
2018/07/12,4875,5000,4875,4930,900,790.6,619.25,740.167
2018/07/11,4765,4840,4730,4800,642,697.2,622.8,745.767
2018/07/10,4980,4980,4830,4840,679,627.4,613.4,753.417
2018/07/09,4680,4985,4655,4920,1121,599.2,606.95,779.6
2018/07/06,4610,4635,4545,4605,611,479.8,586.4,770.5
2018/07/05,4510,4580,4470,4540,433,429.2,586.8,771.567
2018/07/04,4525,4570,4435,4450,293,466.8,637.15,786.967
2018/07/03,4600,4640,4485,4530,538,533.4,664.25,802.167
2018/07/02,4500,4610,4480,4560,524,506.2,683.45,821.35
2018/06/29,4440,4490,4405,4490,358,468.2,690.65,822.383
2018/06/28,4320,4465,4310,4360,621,544.8,738.75,818.383
2018/06/27,4550,4615,4360,4360,626,529,740.1,816.283
2018/06/26,4395,4525,4360,4525,402,560.8,753.3,815.267
2018/06/25,4315,4440,4315,4440,334,695.6,774,823.583
2018/06/22,4445,4445,4290,4370,741,733.8,775.05,830.55
2018/06/21,4445,4560,4440,4495,542,712.4,768.45,829.3
2018/06/20,4360,4440,4315,4405,785,798.2,765.1,837.033
2018/06/19,4505,4520,4350,4350,1076,732,748.25,840
2018/06/15,4635,4655,4560,4590,525,626.8,719.4,834.467
2018/06/14,4680,4685,4620,4620,634,663.8,733.1,847.317
2018/06/13,4665,4735,4580,4730,971,660.8,729.55,846.067
2018/06/12,4580,4580,4440,4440,454,754.6,700.9,844.833
2018/06/11,4550,4590,4450,4550,550,830.8,722.15,850.55
2018/06/08,4650,4745,4545,4545,710,905.2,733.45,849.633
2018/06/07,4650,4680,4575,4645,619,896.8,735.8,850.333
2018/06/06,4690,4690,4550,4625,1440,1037,732.55,852.667
2018/06/05,4420,4520,4355,4450,835,878.6,713.1,839.183
2018/06/04,4280,4460,4280,4415,922,889.6,713.05,832.017
2018/06/01,4110,4270,4110,4245,668,868.4,761.4,828.417
2018/05/31,4230,4250,4030,4100,1320,805.8,762.15,835.183
2018/05/30,4205,4260,4180,4200,648,663.6,770.25,825.017
2018/05/29,4165,4270,4120,4255,890,629,812.2,822.083
2018/05/28,4035,4125,4025,4085,816,540.6,801.1,821.533
2018/05/25,4000,4025,3980,3995,355,477.2,790.85,818.483
2018/05/24,3965,4025,3935,4000,609,566,801.3,824.217
2018/05/23,3980,4005,3915,3920,475,556.8,795.45,825.25
2018/05/22,4040,4055,3970,3980,448,541.4,813.9,827.917
2018/05/21,4050,4080,4010,4040,499,627.6,832.45,842.867
2018/05/18,4020,4095,3970,4010,799,683,848.55,844.183
2018/05/17,4080,4105,3920,3920,563,674.6,855.35,843.683
2018/05/16,4040,4120,4020,4050,398,672.8,871.7,849.05
2018/05/15,4240,4240,4090,4090,879,803.4,913.6,868.267
2018/05/14,4130,4205,4090,4205,776,794.4,924.7,881.8
2018/05/11,4025,4080,4000,4075,757,1017,998.4,880.917
2018/05/10,4090,4095,3980,3980,554,1002.2,989.3,878.067
2018/05/09,4065,4165,3990,4000,1051,1187.8,995.35,875.383
2018/05/08,4020,4070,3975,3990,834,1275,1010.65,868.717
2018/05/07,3870,4000,3870,4000,1889,1241.8,1029.2,867.117
2018/05/04,3685,3735,3630,3640,683,986.2,1019.2,847.05
2018/05/03,3800,3830,3680,3685,1482,962.4,1014.35,849.083
2018/05/02,3560,3720,3535,3700,1487,764.4,946.15,843.25
2018/04/30,3300,3500,3270,3480,668,635.8,896.55,837.783
2018/04/27,3340,3370,3240,3265,611,666,891.4,837.367
2018/04/26,3280,3350,3280,3295,564,708,905.9,837.283
2018/04/25,3225,3310,3225,3250,492,782.2,915.3,840.95
2018/04/24,3270,3315,3220,3220,844,861.8,924,844.95
2018/04/23,3420,3450,3255,3255,819,940.2,932.1,841
2018/04/20,3410,3455,3370,3420,821,996.6,939.3,838.45
2018/04/19,3465,3515,3455,3490,935,1282.4,935.45,850.667
2018/04/18,3540,3625,3525,3525,890,1210.4,953.5,861.2
2018/04/17,3525,3645,3475,3580,1236,1167.4,936.95,860.267
2018/04/16,3430,3575,3390,3550,1101,1191.6,920,855.65
2018/04/13,3380,3525,3230,3460,2250,1212.4,904.8,860.167
2018/04/12,3270,3345,3215,3300,575,1100.2,817.05,842.3
2018/04/11,3340,3350,3210,3230,675,1102.4,825.9,846.5
2018/04/10,3005,3250,3000,3250,1357,991,830.1,843.717
2018/04/09,3140,3225,3000,3000,1205,818.6,793.8,835.083
2018/04/03,3065,3195,3005,3185,1689,690.6,753.8,827.333
2018/04/02,3330,3385,3180,3185,586,533,704.65,805.883
2018/03/31,3350,3365,3315,3350,118,566.2,729.05,812.583
2018/03/30,3365,3390,3330,3330,495,675.8,758.65,824.517
2018/03/29,3415,3415,3315,3315,565,778,757.5,827.217
2018/03/28,3345,3405,3315,3365,901,857.6,772.1,825.333
2018/03/27,3580,3600,3420,3420,752,826.2,758.7,818.033
2018/03/26,3410,3510,3410,3500,666,935,756.05,812.5
2018/03/23,3450,3510,3400,3400,1006,913.6,756.3,808.483
2018/03/22,3705,3760,3570,3595,963,891.8,737.75,802.4
2018/03/21,3610,3695,3605,3650,744,858.6,756.85,801.933
2018/03/20,3650,3670,3550,3555,1296,808.8,748.55,810.517
2018/03/19,3710,3720,3655,3710,559,700,722.2,798.3
2018/03/16,3805,3840,3690,3690,897,740,738.5,797.467
2018/03/15,3870,3895,3785,3785,797,686.8,771.2,796.283
2018/03/14,4000,4035,3960,3960,495,608.4,815.9,793.617
2018/03/13,4015,4085,4010,4045,752,650.6,827.3,809.833
2018/03/12,3995,4015,3940,3955,759,715,819,829.767
2018/03/09,3790,3860,3750,3860,631,705.2,800.7,868
2018/03/08,3700,3760,3685,3715,405,673.4,801.7,872.433
2018/03/07,3620,3690,3600,3690,706,763.8,818.35,880.967
2018/03/06,3715,3750,3655,3655,1074,749.2,817.3,894.767
2018/03/05,3860,3860,3675,3700,710,674.2,803.85,889.9
2018/03/02,3850,3900,3835,3870,472,666.4,824.95,884.333
2018/03/01,3710,3920,3700,3900,857,699,859.3,889.033
2018/02/27,3850,3865,3695,3695,633,796.6,848.6,884.467
2018/02/26,4020,4045,3780,3780,699,785.6,847.25,876.617
2018/02/23,3915,4015,3895,3950,671,799.6,851.5,868.817
2018/02/22,3905,3915,3840,3845,635,842.4,854.55,867.5
2018/02/21,3780,4025,3780,3950,1345,1025.6,853.15,863.95
2018/02/12,3605,3715,3605,3680,578,1094.8,819.2,846.083
2018/02/09,3560,3635,3535,3575,769,1123.8,868,841.25
2018/02/08,3655,3750,3655,3725,885,1087.2,907.9,831.4
2018/02/07,3595,3760,3550,3655,1551,988.8,905.35,821.317
2018/02/06,3520,3560,3420,3420,1691,808.8,875.75,799.95
2018/02/05,3820,3860,3775,3800,723,618.2,859.8,774.833
2018/02/02,4120,4145,3980,3980,586,610.6,882.55,767.283
2018/02/01,4020,4085,4005,4080,393,654.4,894.6,762.25
2018/01/31,4010,4090,3990,4005,651,802.2,900.35,761.15
2018/01/30,4000,4065,3975,4055,738,903.8,909.75,752.667
2018/01/29,3960,4035,3920,4035,685,884.8,909.85,748.017
2018/01/26,3845,3925,3810,3880,805,869,895.7,746.383
2018/01/25,3810,3900,3745,3790,1132,864.8,904.85,735.533
2018/01/24,3955,3980,3770,3790,1159,784.8,889.95,720.15
2018/01/23,4025,4065,3965,3965,643,674.4,864.85,705.167
2018/01/22,4010,4030,3980,4000,606,679,855.3,705.683
2018/01/19,4000,4040,3985,4000,784,868.6,848.15,699.3
2018/01/18,4020,4050,3985,3985,732,1025.2,829.95,690.983
2018/01/17,4000,4000,3930,3980,607,1045.6,814.6,681.733
2018/01/16,3980,4035,3955,4000,666,1116,816.3,675.267
2018/01/15,4255,4270,3980,4030,1554,1257.2,829.75,668.567
2018/01/12,3920,4100,3890,4100,1567,1182,815,649.667
2018/01/11,3800,3875,3730,3730,834,1034,764.8,629.017
2018/01/10,3780,3815,3725,3775,959,968.8,748.55,624.95
2018/01/09,3905,3975,3730,3745,1372,944.8,741.9,617.733
2018/01/08,3820,3955,3805,3930,1178,818.4,705.15,606.283
2018/01/05,4170,4170,3985,4100,827,663.2,719.65,598.633
2018/01/04,4160,4185,4080,4135,508,695.4,775.7,593.933
2018/01/03,4345,4345,4145,4145,839,760.6,902.95,591.7
2018/01/02,4055,4265,4010,4255,740,724.2,905.85,585.067
2017/12/29,4055,4120,4015,4020,402,666.6,914.7,576.833
2017/12/28,3875,4105,3870,4040,988,678.8,971.3,575.233
2017/12/27,4005,4060,3800,3805,834,565.2,961,565.45
2017/12/26,4010,4015,3945,4000,657,483.4,938.1,553.483
2017/12/25,4215,4215,4000,4000,452,480.2,942.95,550.083
2017/12/22,4150,4220,4115,4200,463,576.8,949.5,551.783
2017/12/21,4210,4245,4130,4130,420,736,934.45,558.65
2017/12/20,4180,4235,4150,4230,425,764.6,925,569.8
2017/12/19,4305,4305,4180,4180,641,781.4,933.35,579.2
2017/12/18,4200,4325,4070,4305,935,818.4,922.4,582.583
2017/12/15,4300,4300,4100,4180,1259,758.8,889.3,575.45
2017/12/14,4445,4465,4300,4300,563,800.6,840.75,562.767
2017/12/13,4385,4430,4380,4400,509,1077.6,821.5,559.967
2017/12/12,4440,4445,4275,4430,826,1586.4,810.05,555.867
2017/12/11,4440,4465,4380,4430,637,1600.6,782.2,552.017
2017/12/08,4370,4425,4305,4370,1468,1656.6,759.55,550.05
2017/12/07,4385,4415,4285,4300,1948,1669.8,699.65,538.417
2017/12/06,4430,4575,4260,4265,3053,1436.6,616.45,512.383
2017/12/05,4755,4925,4680,4730,897,901.2,480.15,466.8
2017/12/04,4900,5000,4765,4800,917,872.6,442.4,456.233
2017/12/01,5140,5185,4740,5010,1534,805.8,419.5,446.967
2017/11/30,5110,5240,5100,5140,782,531.4,372.15,426.95
2017/11/29,5380,5415,5220,5240,376,421.2,340.75,417.583
2017/11/28,5330,5405,5180,5340,754,464.4,332.4,415.917
2017/11/27,5610,5625,5320,5330,583,398,307.7,407.683
2017/11/24,5570,5590,5540,5580,162,336,312.25,401.617
2017/11/23,5620,5620,5535,5535,231,361.2,315.3,405.8
2017/11/22,5570,5615,5520,5555,592,350.6,318,409.55
2017/11/21,5595,5600,5500,5515,422,288.2,297.25,406.867
2017/11/20,5560,5625,5510,5550,273,257.6,287.1,407.833
2017/11/17,5680,5680,5550,5555,288,239.8,286.65,417.567
2017/11/16,5610,5660,5560,5600,178,236.2,293.25,416.7
2017/11/15,5570,5640,5545,5630,280,257.4,300.75,417.883
2017/11/14,5685,5700,5570,5585,269,266.8,316.25,415.033
2017/11/13,5740,5760,5685,5700,184,241.4,329.1,412.883
2017/11/10,5750,5775,5670,5740,270,296.4,354.15,414.217
2017/11/09,5880,5940,5725,5755,284,359.8,376.6,416.333
2017/11/08,5895,5990,5885,5905,327,333.8,389.65,415.95
2017/11/07,5930,5930,5870,5885,142,310.2,392,414.033
2017/11/06,5950,5950,5825,5875,459,333.8,406.95,418.2
2017/11/03,5830,5995,5830,5985,587,376.8,396.3,418.367
2017/11/02,5750,5775,5730,5775,154,304,382.25,412.967
2017/11/01,5790,5800,5750,5780,209,330.2,394.6,414.833
2017/10/31,5755,5795,5700,5715,260,323.8,389.95,415.333
2017/10/30,5700,5800,5680,5730,674,315.6,399.6,415.467
2017/10/27,5625,5695,5550,5555,223,233.6,393.6,409.55
2017/10/26,5645,5715,5565,5565,285,273,426.2,417.333
2017/10/25,5610,5635,5570,5630,177,281.6,466.4,417.783
2017/10/24,5580,5625,5520,5590,219,364.2,507,419.85
2017/10/23,5640,5640,5515,5530,264,425.6,538.25,422.75
2017/10/20,5635,5675,5570,5575,420,509.8,550.4,424.05
2017/10/19,5625,5745,5610,5745,328,569.6,554.3,423.35
2017/10/18,5760,5765,5555,5595,590,613,557.65,423.183
2017/10/17,5800,5850,5690,5725,526,569.8,541.3,418.617
2017/10/16,5590,5775,5575,5775,685,552.8,544.75,417.4
2017/10/13,5505,5600,5495,5550,719,465,536.45,415.517
2017/10/12,5495,5660,5495,5635,545,382.4,539,415.967
2017/10/11,5570,5600,5420,5420,374,353.6,531.05,418.5
2017/10/06,5590,5635,5430,5490,441,302,528.25,423.8
2017/10/05,5610,5640,5570,5590,246,304.4,519.35,434.917
2017/10/03,5490,5550,5440,5545,306,366,525.1,438.467
2017/10/02,5410,5570,5410,5455,401,479.8,526.45,444.2
2017/09/30,5380,5470,5375,5375,116,617.4,517.4,451.683
2017/09/29,5335,5390,5300,5330,453,792,525.4,460.2
2017/09/28,5475,5475,5345,5370,554,870.2,515.75,458.15
2017/09/27,5300,5450,5300,5400,875,860.8,499,458.2
2017/09/26,5300,5350,5115,5115,1089,785.4,475.9,447.917
2017/09/25,5300,5475,5260,5330,989,646.6,444.25,434.017
2017/09/22,5650,5720,5365,5365,844,501.4,416.35,423.4
2017/09/21,5605,5730,5590,5700,507,451.6,398.15,415.333
2017/09/20,5870,5870,5650,5690,498,454,415.65,411.35
2017/09/19,5850,5915,5805,5835,395,508.4,402.55,410.283
2017/09/18,5805,5845,5745,5820,263,506.6,395.25,408.45
2017/09/15,5590,5750,5530,5720,595,517.6,387.55,408.483
2017/09/14,5640,5675,5595,5650,519,451.2,364.8,406.633
2017/09/13,5860,5860,5635,5635,770,419.6,352.05,401.6
2017/09/12,5880,5925,5790,5860,386,332.2,333.4,394.817
2017/09/11,5980,5985,5815,5825,318,299,327.15,392.467
2017/09/08,5990,5995,5955,5970,263,290.6,321.85,392.65
2017/09/07,5955,6000,5895,5945,361,290,328.3,394.533
2017/09/06,5980,5995,5850,5895,333,261.6,333.7,394.967
2017/09/05,5855,5945,5855,5935,220,277.6,330.2,396.35
2017/09/04,5870,5945,5845,5845,276,324.8,332.5,397.4
2017/09/01,5850,5890,5820,5870,260,355.8,330.65,395.2
2017/08/31,5875,5875,5790,5830,219,399.8,331.05,396.267
2017/08/30,5805,5895,5800,5820,413,527.4,336.05,396.783
2017/08/29,5830,5850,5705,5730,456,492,349.9,395.617
2017/08/28,5995,6015,5820,5825,431,450.6,342.7,391.717
2017/08/25,6000,6075,5955,6000,480,386.2,336.2,388.433
2017/08/24,5700,6020,5690,6000,857,318.2,331.85,381.65
2017/08/23,5640,5685,5640,5680,236,199.6,306.1,373.383
2017/08/22,5575,5645,5575,5605,249,231.8,313.2,375.7
2017/08/21,5520,5590,5505,5565,109,234.2,316.65,377.917
2017/08/18,5485,5565,5480,5530,140,254.8,327,381.067
2017/08/17,5525,5565,5525,5540,264,305.2,342.65,383.883
2017/08/16,5560,5635,5560,5565,397,346.2,358.05,383.283
2017/08/15,5625,5670,5580,5600,261,319.4,375.5,380.183
2017/08/14,5635,5640,5490,5510,212,320.4,397.3,378.733
2017/08/11,5410,5565,5410,5565,392,325.8,421.3,380.2
2017/08/10,5545,5550,5350,5380,469,301,457.1,381.6
2017/08/09,5615,5640,5540,5540,263,271,456.6,380.25
2017/08/08,5760,5760,5650,5650,266,356.4,475.95,380.1
2017/08/07,5750,5790,5695,5695,239,365.6,505.15,379.417
2017/08/04,5670,5750,5665,5740,268,378,524.55,380.667
2017/08/03,5750,5750,5655,5705,319,403,527.65,380.8
2017/08/02,5645,5810,5620,5765,690,407.6,539.55,378.233
2017/08/01,5545,5550,5500,5500,312,345.2,517.95,372.167
2017/07/31,5435,5510,5415,5510,301,346.4,515.1,372.933
2017/07/28,5520,5530,5420,5445,393,349.4,517.65,371.633
2017/07/27,5515,5600,5515,5520,342,361.4,516,369.183
2017/07/26,5600,5610,5495,5495,378,407.4,512.3,366.333
2017/07/25,5535,5600,5520,5600,318,481,515.1,365.117
2017/07/24,5380,5495,5380,5485,316,556.8,513.45,363.6
2017/07/21,5525,5530,5425,5425,453,632,510.9,361.267
2017/07/20,5595,5635,5510,5580,572,763,512.45,362.133
2017/07/19,5500,5610,5490,5580,746,740.4,494.7,359.967
2017/07/18,5295,5450,5260,5450,697,721.2,475.55,355.55
2017/07/17,5170,5270,5115,5210,692,751.8,452.95,354.817
2017/07/14,5125,5195,5115,5170,1108,738.8,434.8,348.917
2017/07/13,5435,5450,5305,5335,459,583.2,398.2,335.533
2017/07/12,5290,5430,5260,5430,650,602.8,394.6,331.917
2017/07/11,5190,5325,5160,5285,850,524.4,382.9,326.85
2017/07/10,4970,5095,4970,5090,627,405.4,354.55,333.867
2017/07/07,4915,4965,4915,4960,330,350.4,330.4,332.967
2017/07/06,4890,4970,4885,4970,557,356.4,330.1,336.867
2017/07/05,4800,4830,4770,4815,258,298.6,314.75,333.933
2017/07/04,4790,4815,4765,4770,255,333.8,319,333.35
2017/07/03,4840,4840,4760,4760,352,339.8,317.35,339.933
2017/06/30,4885,4890,4810,4850,360,322.4,311.45,348.5
2017/06/29,4930,4960,4885,4895,268,347.2,297.1,350.583
2017/06/28,4970,4980,4860,4860,434,337,301.75,350.85
2017/06/27,5020,5040,4970,4970,285,322.8,298.8,348.217
2017/06/26,4945,5010,4920,5000,265,314.8,303.65,349.217
2017/06/23,4915,4985,4915,4965,484,327.6,305.3,351.033
2017/06/22,4850,4890,4840,4890,217,306,296.55,346.2
2017/06/21,4850,4890,4825,4835,363,340,297.1,346.717
2017/06/20,4810,4890,4810,4845,245,350.6,289.5,343.35
2017/06/19,4730,4845,4730,4835,329,358.2,285.95,346.067
2017/06/16,4680,4750,4635,4730,376,321.2,284.5,347.217
2017/06/15,4720,4750,4670,4695,387,310.8,289.5,343.733
2017/06/14,4830,4845,4680,4695,416,283.4,289.55,342.067
2017/06/13,4815,4855,4790,4810,283,268.8,281.45,340.433
2017/06/12,4780,4820,4780,4805,144,256.6,278.55,341.033
2017/06/09,4800,4870,4800,4840,324,274.6,287.05,343.667
2017/06/08,4790,4830,4775,4775,250,224.4,284.65,347.083
2017/06/07,4790,4870,4765,4765,343,246.6,280.4,347.383
2017/06/06,4850,4850,4790,4790,222,253,279.55,347.15
2017/06/05,4850,4860,4800,4850,234,285,286.35,348.6
2017/06/03,4850,4865,4815,4855,73,297.8,285.8,351.067
2017/06/02,4765,4845,4760,4845,361,345,294.45,355.85
2017/06/01,4750,4800,4705,4715,375,318.4,284.95,355
2017/05/31,4825,4825,4750,4750,382,285.6,281.45,358.15
2017/05/26,4815,4860,4805,4835,298,244,273.7,363.45
2017/05/25,4860,4880,4800,4805,309,244.4,267.6,368.883
2017/05/24,4885,4895,4855,4860,228,277.8,277.4,371.367
2017/05/23,4890,4895,4855,4875,211,309.8,288.1,377.617
2017/05/22,4880,4900,4840,4900,174,318.4,301.6,378.017
2017/05/19,4855,4865,4810,4810,300,328.6,325.55,382.867
2017/05/18,4755,4920,4755,4855,476,331.4,327.45,380.8
2017/05/17,4865,4880,4795,4820,388,291.4,318.9,383.75
2017/05/16,4920,4925,4870,4870,254,246.8,311.6,389.467
2017/05/15,4900,4915,4855,4900,225,261.2,316.2,390.967
2017/05/12,4945,4970,4875,4885,314,287.8,368.5,395.467
2017/05/11,4975,5015,4940,4960,276,269.6,381.45,395.567
2017/05/10,4975,4990,4945,4945,165,263.6,395.85,402.217
2017/05/09,4950,5030,4905,4995,326,264.8,406.65,411
2017/05/08,4960,4965,4870,4935,358,260.6,401.5,411.983
2017/05/05,4970,5010,4935,4935,223,234.4,416.1,412.917
2017/05/04,5000,5030,4970,4970,246,225,448.25,416.133
2017/05/03,4975,5040,4970,5020,171,276.8,460.2,421.067
2017/05/02,5015,5070,5000,5000,305,331,465.85,436.633
2017/04/28,4985,5015,4985,5015,227,366.2,464.4,444.433
2017/04/27,4975,5015,4965,5010,176,451.4,470.3,449.617
2017/04/26,4970,5010,4955,5000,505,483.8,480.2,458.633
2017/04/25,4905,4970,4855,4970,442,443.8,464.65,461.9
2017/04/24,4905,4980,4845,4895,481,403.8,454.95,464.1
2017/04/21,4795,4885,4780,4875,653,376.8,438.95,469.15
2017/04/20,4720,4810,4700,4725,338,500.4,426.7,463.483
2017/04/19,4745,4760,4720,4720,305,547.4,429.7,468.15
2017/04/18,4810,4810,4765,4780,242,599.2,422.8,472.583
2017/04/17,4815,4815,4730,4780,346,627,425.05,479
2017/04/14,4650,4820,4630,4800,1271,602.4,423.65,481.783
2017/04/13,4425,4495,4385,4410,573,478.2,376.05,473.667
2017/04/12,4520,4540,4435,4475,564,536.8,362.5,481.633
2017/04/11,4585,4635,4520,4520,381,521,360.75,498.933
2017/04/10,4730,4730,4615,4615,223,501.6,355.1,498.233
2017/04/07,4600,4705,4540,4700,650,512.2,360.4,498.083
2017/04/06,4675,4705,4600,4600,866,451.2,343.35,495.983
2017/04/05,4820,4840,4715,4820,485,352.8,319.15,490.983
2017/03/31,4690,4790,4690,4780,284,294.6,312.9,491.817
2017/03/30,4715,4740,4690,4690,276,287.4,314.2,488.35
2017/03/29,4750,4750,4690,4690,345,264.4,328.6,485.75
2017/03/28,4800,4815,4685,4735,374,277,346.35,485.617
2017/03/27,4785,4815,4740,4795,194,281.8,358.85,483.55
2017/03/24,4785,4795,4730,4790,248,276.4,372.05,486.333
2017/03/23,4795,4800,4740,4750,161,284.2,389.8,488.95
2017/03/22,4725,4765,4685,4740,408,315.6,393.5,492.783
2017/03/21,4750,4850,4750,4810,398,297.8,396.35,494.367
2017/03/20,4750,4760,4710,4720,167,278.6,385.25,496
2017/03/17,4685,4760,4650,4760,287,351,409.55,499.1
2017/03/16,4640,4680,4640,4665,318,347.2,431.75,500.583
2017/03/15,4640,4640,4570,4590,319,349.4,433.05,500.817
2017/03/14,4695,4710,4615,4645,302,347.4,441.85,501.55
2017/03/13,4525,4660,4525,4650,529,363.4,442.75,507.7
2017/03/10,4470,4505,4435,4505,268,329.6,450.05,508.883
2017/03/09,4455,4485,4390,4485,329,338,471.25,517.883
2017/03/08,4480,4490,4410,4440,309,385,474.05,516.55
2017/03/07,4500,4535,4400,4445,382,463.2,479.3,519.817
2017/03/06,4530,4560,4495,4500,360,511.6,481,520.95
2017/03/03,4450,4535,4450,4465,310,531.2,490.1,522.95
2017/03/02,4560,4600,4450,4485,564,589.8,529.85,523.95
2017/03/01,4510,4555,4475,4475,700,524,540.3,520.017
2017/02/24,4745,4745,4560,4560,624,477,532.2,513.9
2017/02/23,4725,4800,4720,4745,458,387.4,536.85,507.467
2017/02/22,4640,4730,4635,4680,603,426.4,549,506.2
2017/02/21,4515,4560,4495,4560,235,452,547.55,505.55
2017/02/20,4510,4650,4480,4495,465,473.8,575,508.483
2017/02/18,4575,4585,4495,4500,176,479.8,567.4,511.783
2017/02/17,4585,4625,4530,4530,653,508.6,589.5,516.383
2017/02/16,4715,4780,4540,4560,731,513,585.4,514.95
2017/02/15,4715,4735,4695,4695,344,505.2,580.2,515.517
2017/02/14,4660,4770,4660,4715,495,513.4,588.65,530.833
2017/02/13,4730,4780,4685,4705,320,497.2,603.1,540.067
2017/02/10,4610,4810,4610,4740,675,516.4,639.65,550.35
2017/02/09,4515,4630,4500,4610,692,489.8,686,558.817
2017/02/08,4485,4530,4470,4470,385,572.4,668.35,555.483
2017/02/07,4520,4525,4455,4480,414,650,659.8,563.5
2017/02/06,4500,4520,4425,4505,416,674.8,665.3,563.8
2017/02/03,4530,4560,4450,4490,542,735,672.8,564.033
2017/02/02,4550,4580,4490,4550,1105,766.8,672.45,563.25
2017/01/24,4440,4475,4400,4450,773,660.6,621,552.1
2017/01/23,4380,4455,4335,4355,538,662.8,588.35,543.367
2017/01/20,4280,4390,4220,4390,717,617.8,578.3,538.267
2017/01/19,4410,4420,4275,4295,701,598,554.95,531.7
2017/01/18,4390,4450,4370,4445,574,572,537.95,529.9
2017/01/17,4260,4410,4260,4400,784,582.6,529.5,528.2
2017/01/16,4220,4250,4195,4250,313,528.4,509.85,523.017
2017/01/13,4240,4240,4175,4240,618,622.6,519.35,522.667
2017/01/12,4140,4240,4130,4240,571,709.2,513.25,518.633
2017/01/11,4180,4230,4170,4170,627,915.4,502.35,517.65
2017/01/10,3990,4135,3990,4135,513,857.8,489.8,512.9
2017/01/09,4175,4245,3995,4010,784,798,480.75,513.133
2017/01/06,4050,4155,4025,4145,1051,746,459.7,516.217
2017/01/05,3840,4050,3840,4050,1602,649,440.7,512.65
2017/01/04,3815,3820,3780,3780,339,435.6,390.6,495.283
2017/01/03,3805,3810,3780,3795,214,383,414.05,502.417
2016/12/30,3750,3805,3750,3790,524,364.2,415.8,505.917
2016/12/29,3725,3770,3710,3725,566,326.8,414.85,508.133
2016/12/28,3660,3750,3645,3725,535,263.6,409.05,508.55
2016/12/27,3570,3595,3570,3590,76,228.8,406.3,507.467
2016/12/26,3575,3590,3540,3570,120,294.6,421,512.767
2016/12/23,3570,3595,3550,3550,337,348.8,431.4,518.517
2016/12/22,3640,3650,3600,3600,250,382,431.2,525.667
2016/12/21,3625,3680,3625,3640,361,431.2,430.6,527.85
2016/12/20,3675,3700,3620,3620,405,429.6,431.65,528.733
2016/12/19,3715,3730,3665,3665,391,423.8,439.6,529.05
2016/12/16,3710,3750,3705,3750,503,412,440.6,530.883
2016/12/15,3700,3725,3685,3695,496,384,448.6,534.483
2016/12/14,3750,3750,3720,3735,353,419,446.4,552.267
2016/12/13,3700,3750,3695,3750,376,468.4,457.1,562.783
2016/12/12,3750,3755,3730,3735,332,554.8,476.55,574.833
2016/12/09,3705,3750,3705,3730,363,538.2,523.1,587.25
2016/12/08,3810,3810,3740,3750,671,566.6,557.4,590.75
2016/12/07,3750,3755,3710,3750,600,522.4,570.7,589.783
2016/12/06,3665,3770,3650,3675,808,498.4,599.85,587.383
2016/12/05,3610,3630,3570,3580,249,410.8,584.05,580.333
2016/12/02,3680,3685,3600,3610,505,426.6,614.9,585.633
2016/12/01,3700,3715,3645,3650,450,392.2,611.25,583.517
2016/11/30,3650,3690,3630,3690,480,349.8,610.25,585.167
2016/11/29,3610,3670,3600,3640,370,330.2,611,591.667
2016/11/28,3595,3630,3575,3620,328,369,614.3,592.217
2016/11/25,3535,3580,3520,3570,333,385.6,610.35,600.117
2016/11/24,3520,3535,3480,3515,238,451.6,605.3,598.6
2016/11/23,3530,3565,3510,3520,382,494.4,609.55,601.65
2016/11/22,3555,3590,3510,3510,564,531.4,620.1,602.683
2016/11/21,3500,3530,3475,3500,411,571.6,615.5,597.383
2016/11/18,3390,3515,3375,3500,663,742,618.6,596.9
2016/11/17,3385,3390,3340,3355,452,819.2,600.05,593.633
2016/11/16,3370,3415,3370,3385,567,916.2,596.25,595.117
2016/11/15,3280,3345,3250,3325,765,1039.4,593.5,597.35
2016/11/14,3390,3415,3210,3280,1263,984.8,572.35,594.133
2016/11/11,3455,3475,3360,3395,1049,905.4,535.55,580.65
2016/11/10,3505,3565,3495,3545,937,782,531.55,573.9
2016/11/09,3590,3615,3325,3340,1183,680.6,526.55,568.017
2016/11/08,3595,3600,3520,3535,492,543,495.4,558.917
2016/11/07,3450,3625,3450,3565,866,531.8,509.15,558.383
2016/11/04,3500,3530,3480,3495,432,408.4,487.05,554.733
2016/11/03,3565,3610,3515,3515,430,368.4,498.3,567.667
2016/11/02,3645,3645,3565,3570,495,347,506.35,568.333
2016/11/01,3715,3725,3650,3650,436,366.6,505.1,569.783
2016/10/31,3735,3745,3695,3735,249,373.8,503,569.933
2016/10/28,3735,3750,3695,3735,232,418.6,513.8,575.917
2016/10/27,3750,3775,3715,3715,323,430.6,540.5,581.017
2016/10/26,3670,3785,3655,3780,593,441.2,543.4,583.75
2016/10/25,3780,3815,3710,3715,472,425,534.45,585.4
2016/10/24,3720,3790,3710,3770,473,399,532.05,592.7
2016/10/21,3685,3730,3675,3710,292,409.8,533.45,593.667
2016/10/20,3700,3710,3650,3675,376,545.2,554.8,597.083
2016/10/19,3715,3740,3695,3710,512,637.4,614.15,602.267
2016/10/18,3670,3705,3670,3700,342,647,637.75,608.017
2016/10/17,3690,3720,3630,3695,527,732,675.6,616.133
2016/10/14,3655,3750,3650,3665,969,711.4,703.1,618.433
2016/10/13,3820,3850,3700,3730,837,649,683.3,620.6
2016/10/12,3710,3800,3710,3800,560,599.8,672.1,640.45
2016/10/11,3750,3815,3665,3680,767,581.8,666.9,641.017
2016/10/07,3790,3800,3765,3770,424,507.2,647.8,638.5
2016/10/06,3895,3895,3775,3805,657,515.4,654.95,653.233
2016/10/05,3910,3980,3870,3870,591,537.2,641,654.467
2016/10/04,3840,3930,3830,3910,470,495.2,638.9,653.033
2016/10/03,3815,3880,3815,3840,394,484,658.9,656.867
2016/09/30,3760,3810,3760,3780,465,490,659.35,655.967
2016/09/29,3805,3870,3775,3845,766,497.2,676.2,654.267
2016/09/26,3795,3795,3730,3765,381,487.8,650,649.733
2016/09/23,3770,3830,3765,3830,414,724.2,652,652.6
2016/09/22,3870,3870,3775,3775,424,838.2,653.5,656.75
2016/09/21,3775,3840,3755,3840,501,973.2,644.6,663.5
2016/09/20,3815,3850,3795,3820,719,1088.4,638.65,675.467
2016/09/19,3740,3865,3710,3800,1563,1059.2,626.05,684.183
2016/09/14,3510,3610,3510,3595,984,869.2,574.95,666.083
2016/09/13,3425,3495,3395,3495,1099,763.6,560.8,657.933
2016/09/12,3350,3375,3315,3325,1077,620.8,534.45,647.833
2016/09/10,3515,3535,3450,3450,573,518.8,503.3,636.55
2016/09/09,3640,3645,3565,3605,613,479.8,506.85,636.25
2016/09/08,3730,3735,3660,3685,456,467,505.4,642
2016/09/07,3690,3735,3675,3720,385,549.8,514.45,645.283
2016/09/06,3715,3745,3650,3650,567,553.4,518.2,649.333
2016/09/05,3660,3710,3660,3700,378,600.4,522.2,651.733
2016/09/02,3720,3720,3635,3635,549,573.2,563.7,660.4
2016/09/01,3635,3740,3625,3705,870,547.6,559.75,673.3
2016/08/31,3600,3610,3540,3560,403,462.4,545.35,671.333
2016/08/30,3600,3635,3515,3585,802,431,547.45,667.7
2016/08/29,3625,3640,3585,3615,242,347,537.75,660.65
2016/08/26,3595,3660,3590,3640,421,392,552.55,671.883
2016/08/25,3640,3665,3580,3585,444,416,555.85,683.733
2016/08/24,3640,3650,3615,3635,246,467.4,568.25,688.35
2016/08/23,3630,3670,3615,3640,382,532.6,601.45,696.7
2016/08/22,3600,3635,3570,3605,467,547,608.9,701.517
2016/08/19,3690,3720,3610,3610,541,582.4,610.4,706.467
2016/08/18,3730,3760,3655,3655,701,591,617.7,717.55
2016/08/17,3775,3800,3750,3775,572,578.2,625.5,715.2
2016/08/16,3760,3820,3755,3775,454,555.8,638.35,727.383
2016/08/15,3795,3805,3730,3735,644,594.4,648.9,733.183
2016/08/12,3800,3810,3760,3800,584,707.2,671.65,730.633
2016/08/11,3795,3840,3740,3750,637,684.4,743.85,735.883
2016/08/10,3785,3880,3785,3820,460,673.4,741.7,739.283
2016/08/09,3785,3825,3780,3780,647,670.4,749.5,743.817
2016/08/08,3820,3945,3775,3815,1208,662.6,782.55,745.567
2016/08/05,3645,3650,3595,3635,470,528.6,758.7,740.467
2016/08/04,3590,3640,3590,3590,582,532,760.45,762.717
2016/08/03,3515,3555,3515,3545,445,554,766.35,766.767
2016/08/02,3525,3605,3520,3585,608,647,761.1,790
2016/08/01,3455,3520,3450,3510,538,631.6,748.85,793.033
2016/07/29,3515,3515,3420,3420,487,623.4,746.65,797.95
2016/07/28,3525,3580,3500,3500,692,663.4,749.95,806.75
2016/07/27,3460,3595,3445,3515,910,696.4,748.5,810.033
2016/07/26,3350,3410,3325,3410,531,680.2,744.45,808.8
2016/07/25,3385,3430,3340,3340,497,707,778.85,816.517
2016/07/22,3415,3415,3340,3380,687,827.4,816.1,831.45
2016/07/21,3375,3460,3360,3385,857,1095.6,805.6,839.567
2016/07/20,3400,3425,3380,3400,829,1043,787.5,857.883
2016/07/19,3490,3495,3440,3450,665,1000.4,770.7,872.883
2016/07/18,3500,3525,3445,3505,1099,1129,757.45,874.1
2016/07/15,3280,3430,3260,3430,2028,1055.4,730.25,872.517
2016/07/14,3125,3145,3080,3120,594,750.8,676.75,855.417
2016/07/13,3180,3180,3125,3175,616,772,679.7,856.933
2016/07/12,3015,3195,3015,3180,1308,716.8,680.3,880.317
2016/07/11,2990,2990,2940,2990,731,527.8,650.45,876.45
2016/07/07,2900,2925,2875,2875,505,480.4,658.8,883.433
2016/07/06,2915,2935,2860,2860,700,490,699.7,895.867
2016/07/05,2980,2980,2950,2950,340,482.6,702.3,892.967
2016/07/04,2950,2995,2945,2985,363,580.4,694.55,901.55
2016/07/01,2960,2985,2925,2965,494,751.6,695.35,911.483
2016/06/30,2975,2975,2930,2945,553,901.2,716.45,923.333
2016/06/29,2935,2975,2920,2920,663,886,745.4,922.55
2016/06/28,2790,2915,2780,2910,829,852.4,748.3,928.5
2016/06/27,2900,2900,2800,2810,1219,785.2,744.2,932.667
2016/06/24,3075,3090,2825,2900,1242,621.4,716.8,923.217
2016/06/23,3065,3085,3035,3080,477,484,692.9,913.683
2016/06/22,3030,3060,3025,3050,495,580.2,729.35,917.633
2016/06/21,2990,3035,2980,3035,493,611.8,732.6,921.817
2016/06/20,3000,3020,2980,2985,400,638.8,773.1,923.483
2016/06/17,3005,3025,2965,2965,555,701,793.2,925.617
2016/06/16,3020,3020,2955,2955,958,769.6,790,925.567
2016/06/15,3025,3080,2985,3065,653,842.6,787.05,926.717
2016/06/14,2925,3015,2910,3015,628,862.4,796.45,931.9
2016/06/13,2945,2960,2900,2925,711,773.8,801.65,940.317
2016/06/08,3030,3035,2980,3000,898,707.4,803.7,949.433
2016/06/07,2920,3025,2905,3020,1323,711,803.9,946.983
2016/06/06,2935,2945,2870,2890,752,672.8,828,938.6
2016/06/04,2880,2895,2845,2895,185,666.6,831.65,944.467
2016/06/03,2850,2875,2840,2855,379,779,914.35,961.483
2016/06/02,2870,2910,2825,2830,916,837.4,934.9,979.783
2016/06/01,2740,2840,2735,2830,1132,807,930.75,980.333
2016/05/31,2755,2785,2720,2720,721,821.8,924.9,975.1
2016/05/30,2700,2760,2690,2755,747,789.6,933.3,982.833
2016/05/27,2700,2715,2670,2685,671,900.8,937.75,991.75
2016/05/26,2755,2765,2685,2685,764,927,953.9,1015.8
2016/05/25,2730,2785,2710,2730,1206,872.4,985.35,1013.7
2016/05/24,2700,2740,2675,2675,560,811,983.75,1004.983
2016/05/23,2690,2760,2645,2710,1303,867.2,1053.55,1008.483
2016/05/20,2600,2665,2600,2645,802,753,1074.85,1005.867
2016/05/19,2635,2635,2585,2600,491,743,1071.65,1009.25
2016/05/18,2600,2645,2565,2620,899,825.2,1097.3,1018.483
2016/05/17,2610,2680,2610,2620,841,1006.4,1102.45,1032.317
2016/05/16,2600,2625,2570,2570,732,1003.2,1094.65,1044.05
2016/05/13,2605,2635,2545,2635,752,1224.6,1159,1062.283
2016/05/12,2700,2700,2615,2640,902,1232.2,1175.2,1073.933
2016/05/11,2550,2700,2545,2690,1805,1218.4,1187.6,1077.083
2016/05/10,2490,2530,2465,2530,825,1060.4,1159.9,1071.617
2016/05/09,2420,2530,2405,2500,1839,1073.2,1144.95,1095.317
2016/05/06,2285,2340,2280,2335,790,872.6,1095.75,1083.583
2016/05/05,2300,2325,2260,2305,833,913.4,1104.2,1109.45
2016/05/04,2290,2325,2240,2280,1015,1025.4,1122.8,1132.417
2016/05/03,2240,2305,2225,2295,889,1057.2,1097.35,1145.8
2016/04/29,2215,2270,2205,2270,836,1270.6,1103.9,1156.65
2016/04/28,2280,2280,2225,2240,994,1449.2,1116.05,1164.55
2016/04/27,2200,2250,2180,2240,1393,1398,1098.95,1166.617
2016/04/26,2210,2295,2205,2250,1174,1320.2,1062.8,1168.583
2016/04/25,2240,2240,2135,2170,1956,1285.8,1039.8,1175.367
2016/04/22,2325,2335,2240,2240,1729,1031.6,979.3,1156.2
2016/04/21,2385,2390,2325,2360,738,1089.6,922.5,1151.733
2016/04/20,2380,2420,2355,2355,1004,1157.2,912,1176.633
2016/04/19,2470,2480,2380,2380,1002,1186.4,889.4,1188.617
2016/04/18,2430,2450,2400,2440,685,1236.2,890.65,1193.417
2016/04/15,2300,2470,2290,2465,2019,1204.4,904.6,1206.55
2016/04/14,2430,2460,2330,2375,1076,971.6,860.3,1192.35
2016/04/13,2385,2465,2375,2405,1150,948.2,869.4,1209
2016/04/12,2455,2470,2340,2375,1251,959.2,849.45,1233.217
2016/04/11,2445,2485,2425,2485,526,810.2,827.9,1262.75
2016/04/08,2485,2490,2425,2445,855,909,856.8,1283.1
2016/04/07,2485,2545,2475,2515,959,953.8,874.35,1280.117
2016/04/06,2390,2500,2375,2475,1205,892.4,900.25,1269.033
2016/04/01,2495,2525,2490,2510,506,785.4,887.45,1256.533
2016/03/31,2600,2600,2495,2495,1020,827,903.05,1254.8
2016/03/30,2490,2580,2485,2580,1079,772.2,911.3,1244.3
2016/03/29,2440,2490,2410,2420,652,675,921.45,1229.983
2016/03/28,2485,2490,2425,2435,670,650.2,994.55,1231.717
2016/03/25,2545,2555,2465,2470,714,626.6,992.95,1231.667
2016/03/24,2565,2565,2490,2545,746,689.2,991.4,1237.417
2016/03/23,2590,2595,2555,2585,593,732.8,992.6,1235.883
2016/03/22,2565,2600,2545,2600,528,840.8,1020.25,1243.333
2016/03/21,2605,2615,2550,2565,552,986.8,1044.1,1257.517
2016/03/18,2550,2615,2520,2560,1027,1026.6,1068.75,1287.833
2016/03/17,2630,2650,2535,2540,964,985.2,1103.85,1288.95
2016/03/16,2500,2605,2500,2590,1133,1013.2,1132.9,1290.2
2016/03/15,2630,2640,2470,2470,1258,1027.8,1167.55,1284.95
2016/03/14,2655,2685,2620,2620,751,1071.6,1177.2,1282.717
2016/03/11,2600,2615,2545,2610,820,1111.2,1194.2,1289.25
2016/03/10,2590,2660,2565,2565,1104,1110.8,1227.05,1291.233
2016/03/09,2650,2655,2565,2575,1206,1127,1284.2,1321.55
2016/03/08,2695,2695,2535,2635,1477,1142.2,1280.65,1321.117
2016/03/07,2775,2775,2685,2695,949,1269.6,1323.9,1308.033
2016/03/04,2695,2760,2695,2760,818,1207.4,1387,1309.217
2016/03/03,2765,2770,2660,2685,1185,1180.4,1437,1315.75
2016/03/02,2840,2840,2730,2740,1282,1097.4,1454.75,1313.917
2016/03/01,2585,2740,2575,2720,2114,1070.2,1456.15,1302.633
2016/02/26,2575,2595,2535,2535,638,848.4,1406.35,1282.65
2016/02/25,2585,2585,2530,2540,683,929.8,1450,1291.35
2016/02/24,2540,2575,2525,2555,770,1139,1494.9,1317.1
2016/02/23,2590,2615,2555,2560,1146,1294,1496.7,1315.267
2016/02/22,2560,2610,2545,2555,1005,1430,1512.45,1315.083
2016/02/19,2445,2555,2445,2535,1045,1519.2,1573.8,1313.45
2016/02/18,2515,2560,2465,2465,1729,1528.4,1607.7,1307.867
2016/02/17,2555,2575,2455,2455,1545,1478,1585.75,1296.033
2016/02/16,2420,2585,2400,2570,1826,1618.4,1582.15,1284.283
2016/02/15,2260,2400,2260,2385,1451,1480.2,1549.2,1266.2
2016/02/03,2310,2385,2310,2350,1091,1658.4,1580.4,1261.067
2016/02/02,2370,2395,2290,2350,1477,1882.4,1656,1267.183
2016/02/01,2485,2550,2350,2350,2247,1950.6,1733.3,1263.567
2016/01/30,2435,2515,2420,2500,1135,1809.2,1708.3,1249.733
2016/01/29,2250,2450,2225,2375,2342,1844.2,1685.35,1264.883
2016/01/28,2080,2285,2080,2260,2211,1599.4,1582.95,1251.75
2016/01/27,2210,2210,2115,2160,1818,1459.4,1495.15,1234.133
2016/01/26,2060,2240,2045,2240,1540,1412,1424.35,1235.583
2016/01/25,2075,2140,2065,2075,1310,1265.2,1366.85,1233.283
2016/01/22,2045,2070,1990,1995,1118,1295.4,1312.35,1220.533
2016/01/21,1970,2035,1940,2035,1511,1518.2,1294.25,1213.433
2016/01/20,2000,2010,1885,1900,1581,1560.6,1252.05,1199.567
2016/01/19,2000,2025,1980,2025,806,1502.4,1225.95,1194.183
2016/01/18,1975,2070,1965,1995,1461,1635.8,1218.35,1211.55
2016/01/15,1985,2040,1945,2020,2232,1577,1197.3,1204.5
2016/01/14,1880,1900,1835,1855,1723,1545.6,1154.65,1182.233
2016/01/13,1900,1965,1885,1965,1290,1721.6,1187.05,1177.183
2016/01/12,1960,2010,1825,1840,1473,2068.2,1177.25,1191.217
2016/01/11,1960,2010,1930,1935,1167,2123,1155.55,1199.783
2016/01/08,1800,2000,1790,1975,2075,2024.8,1138.1,1208.467
2016/01/07,1930,1945,1815,1830,2603,1668.6,1090.55,1194.783
2016/01/06,1910,1965,1900,1960,3023,1239,1017.55,1176.6
2016/01/05,2130,2155,2100,2110,1747,714.8,913.35,1147
2016/01/04,2255,2270,2175,2175,676,443.4,972.15,1140.4
2015/12/31,2280,2280,2230,2270,294,352.2,997.35,1143.75
2015/12/30,2290,2295,2260,2260,455,444.6,1017.25,1162.883
2015/12/29,2275,2275,2210,2255,402,487,1045.5,1192.433
2015/12/28,2310,2310,2255,2275,390,618.4,1085.9,1211.583
2015/12/25,2265,2295,2240,2295,220,671.2,1120.15,1238.033
2015/12/24,2295,2325,2245,2270,756,835.2,1139.4,1269.017
2015/12/23,2305,2330,2230,2230,667,959.8,1147.35,1299.583
2015/12/22,2300,2355,2300,2320,1059,1300.6,1172,1313.983
2015/12/21,2210,2285,2200,2285,654,1307.6,1230.45,1308.967
2015/12/18,2205,2250,2180,2250,1040,1384.6,1230.75,1310.233
2015/12/17,2165,2235,2140,2230,1379,1340.2,1235.5,1301.683
2015/12/16,2200,2205,2045,2140,2371,1289.2,1211.9,1292.383
2015/12/15,2215,2245,2150,2150,1094,1043.6,1128.85,1264.1
2015/12/14,2290,2290,2185,2195,1039,1012.6,1125.1,1267.383
2015/12/11,2295,2340,2295,2320,818,1389.4,1115.15,1266.85
2015/12/10,2305,2330,2290,2290,1124,1461.8,1111.3,1269.867
2015/12/09,2355,2395,2305,2305,1143,1375.4,1112.25,1262.733
2015/12/08,2355,2410,2350,2350,939,1350.8,1128,1257.1
2015/12/07,2500,2510,2285,2395,2923,1405,1144.05,1253.317
2015/12/04,2540,2545,2465,2530,1180,1035.4,1068.75,1230.7
2015/12/03,2565,2585,2550,2550,692,920.4,1111.95,1230.833
2015/12/02,2560,2610,2540,2610,1020,965,1155.05,1251.217
2015/12/01,2525,2620,2525,2600,1210,993,1161.75,1256.617
2015/11/30,2510,2530,2485,2515,1075,1196.6,1196.5,1251
2015/11/27,2540,2550,2505,2505,605,1113.6,1212.85,1243.417
2015/11/26,2510,2560,2510,2525,915,1219.6,1209.85,1242.333
2015/11/25,2480,2535,2450,2510,1160,1218,1198.7,1237.667
2015/11/24,2630,2655,2460,2465,2228,1128,1174.65,1235.517
2015/11/23,2745,2750,2680,2715,660,886.2,1126.15,1221.35
2015/11/20,2680,2750,2660,2735,1135,922.2,1185.55,1237.633
2015/11/19,2630,2670,2600,2670,907,843.4,1180.7,1241.45
2015/11/18,2585,2600,2550,2560,710,890.6,1180.15,1262.817
2015/11/17,2580,2630,2570,2585,1019,1040.2,1215.65,1271.167
2015/11/16,2490,2540,2445,2515,840,1088.4,1271.3,1276.15
2015/11/13,2505,2575,2500,2510,741,1203.8,1328.65,1293.133
2015/11/12,2535,2560,2460,2560,1143,1464.4,1376,1291.45
2015/11/11,2590,2620,2490,2490,1458,1546.6,1381.55,1289.067
2015/11/10,2545,2650,2545,2590,1260,1485.8,1384.25,1279.1
2015/11/09,2700,2740,2620,2620,1417,1614.8,1383.6,1271.5
2015/11/06,2910,2910,2720,2720,2044,1611.8,1380.3,1261.9
2015/11/05,2845,2965,2840,2940,1554,1312,1321.95,1250.85
2015/11/04,2780,2825,2765,2810,1154,1139.6,1316.35,1241.567
2015/11/03,2680,2750,2670,2745,1905,1044.6,1370.05,1261.65
2015/11/02,2535,2690,2525,2640,1402,915.2,1352.35,1266.783
2015/10/30,2515,2550,2490,2535,545,1004.4,1381.1,1260.533
2015/10/29,2585,2590,2525,2525,692,1103,1457.8,1275.533
2015/10/28,2510,2565,2510,2510,679,1143.8,1552.7,1283.25
2015/10/27,2530,2530,2480,2530,1258,1292,1595.3,1280.75
2015/10/26,2495,2565,2485,2555,1848,1466.8,1570.3,1273.067
2015/10/23,2520,2525,2440,2440,1038,1494.6,1514.4,1262.15
2015/10/22,2445,2495,2440,2450,896,1624.6,1488.85,1264.183
2015/10/21,2440,2465,2410,2415,1420,1696.2,1485.1,1269.167
2015/10/20,2450,2510,2370,2415,2132,1714.6,1447.8,1259.8
2015/10/19,2590,2605,2420,2450,1987,1537.6,1405.75,1248.083
2015/10/16,2690,2690,2585,2585,1688,1410.4,1356.75,1233.583
2015/10/15,2590,2640,2580,2585,1254,1248.2,1322.3,1215.233
2015/10/14,2610,2625,2550,2550,1512,1285.8,1294.4,1208.117
2015/10/13,2685,2695,2590,2630,1247,1429,1259.05,1195.783
2015/10/12,2610,2710,2610,2700,1351,1489.8,1232.3,1186.067
2015/10/08,2680,2730,2610,2610,877,1615,1243.05,1179.35
2015/10/07,2735,2740,2660,2675,1442,1855.4,1258.6,1179
2015/10/06,2580,2715,2580,2690,2228,2085,1282.25,1172.417
2015/10/05,2580,2580,2475,2480,1551,1945.6,1238.05,1156.533
2015/10/02,2470,2570,2430,2570,1977,1787,1204.15,1158.467
2015/10/01,2575,2615,2470,2470,2079,1537.6,1136.3,1147.133
2015/09/30,2625,2665,2560,2560,2590,1227.2,1059.35,1123.217
2015/09/25,2625,2730,2565,2730,1531,873.4,961.6,1086.7
2015/09/24,2775,2790,2685,2685,758,702,936.6,1069.917
2015/09/23,2750,2770,2710,2740,730,808.6,967.6,1069.417
2015/09/22,2810,2855,2800,2805,527,864,1012.95,1064.267
2015/09/21,2830,2840,2755,2790,821,958.4,1054.8,1064.2
2015/09/18,2910,2925,2860,2895,674,933.4,1123.2,1057.25
2015/09/17,2840,2925,2815,2910,1291,959.6,1150.05,1056.833
2015/09/16,2745,2830,2715,2780,1007,843.8,1151.4,1047
2015/09/15,2900,2910,2740,2745,999,955.6,1194,1045.133
2015/09/14,2900,2925,2865,2900,696,993.4,1176.05,1037.867
2015/09/11,2785,2850,2785,2815,805,1237.2,1191.25,1033.717
2015/09/10,2790,2790,2720,2750,712,1345,1194,1029.933
2015/09/09,2675,2830,2665,2830,1566,1377.2,1198.6,1025.1
2015/09/08,2600,2690,2580,2580,1188,1188,1162.35,1007.9
2015/09/07,2685,2685,2560,2605,1915,1058.4,1172,996.317
2015/09/04,2865,2900,2685,2700,1344,802.4,1126.1,978.7
2015/09/03,2935,2935,2835,2865,873,739.8,1176.85,966.717
2015/09/02,2915,2970,2890,2950,620,840.8,1243.85,964.183
2015/09/01,3000,3015,2970,2980,540,1044.2,1264.2,967.367
2015/08/31,2995,3020,2965,3020,635,1209,1309.45,971.383
2015/08/28,3020,3050,2985,3000,1031,1519.8,1335.45,980.383
2015/08/27,2960,3030,2940,2960,1378,1555.8,1310.35,968.8
2015/08/26,2900,2995,2840,2880,1637,1543.8,1281.3,949.983
2015/08/25,2750,2945,2720,2945,1364,1588.2,1259.1,927.45
2015/08/24,2635,2825,2520,2680,2189,1443.4,1248.9,912.45
2015/08/21,2750,2805,2725,2780,1211,1205.6,1199.2,887.583
2015/08/20,2860,2970,2850,2850,1318,1135.4,1181.55,879.517
2015/08/19,3020,3025,2710,2875,1859,1032.6,1187.1,864.083
2015/08/18,2995,3060,2985,2995,640,829,1150,839.367
2015/08/17,2920,3010,2920,2970,1000,977.2,1147.35,845.75
2015/08/14,3020,3065,2935,2960,860,976.6,1138.7,838.267
2015/08/13,3050,3070,3000,3020,804,1276.4,1134.3,838.967
2015/08/12,3075,3130,2955,2970,841,1558.2,1127.3,845.3
2015/08/11,3095,3175,3070,3150,1381,1595.4,1132.65,840.55
2015/08/10,2935,3055,2865,2985,997,1608.2,1106.4,828.483
2015/08/07,2800,2990,2700,2935,2359,1639.8,1108.9,817.117
2015/08/06,2890,2915,2720,2720,2213,1273.8,1054.7,782.867
2015/08/05,2955,3080,2925,3020,1027,990.6,1027.4,755.833
2015/08/04,3000,3015,2880,2970,1445,1023.8,1040.9,745.7
2015/08/03,3170,3175,2915,2925,1155,966.8,1000.85,729.883
2015/07/31,3185,3220,3150,3205,529,974.8,963.05,717.383
2015/07/30,3125,3225,3120,3135,797,1040.6,962.8,716.067
2015/07/29,3230,3255,3100,3100,1193,1167,959.35,711.517
2015/07/28,3100,3225,3100,3215,1160,1151.8,920.75,701.733
2015/07/27,3245,3310,3065,3090,1195,1037.2,888.9,695.4
2015/07/24,3330,3370,3260,3260,858,963.6,849.35,684.2
2015/07/23,3465,3510,3300,3305,1429,946.4,838.9,681.367
2015/07/22,3410,3545,3370,3545,1117,793.4,802.5,669.85
2015/07/21,3535,3550,3460,3550,587,759.6,791.4,668.15
2015/07/20,3515,3555,3475,3550,827,813.4,790.2,676.733
2015/07/17,3530,3530,3420,3425,772,857.4,771.2,680.467
2015/07/16,3440,3520,3440,3520,664,958,761.5,684.05
2015/07/15,3515,3535,3400,3400,948,1158.6,749.4,701.833
2015/07/14,3430,3535,3425,3500,856,1228.4,728.7,705.333
2015/07/13,3325,3425,3300,3400,1047,1186,710.55,706.75
2015/07/09,3210,3325,3160,3285,1275,1056.4,701.1,713.167
2015/07/08,3380,3400,3150,3280,1667,906.2,668.6,702.617
2015/07/07,3585,3585,3385,3450,1297,718.4,621.3,681.467
2015/07/06,3685,3705,3630,3630,644,543.2,597,668.967
2015/07/03,3705,3715,3650,3710,399,519,603.85,667.417
2015/07/02,3690,3710,3650,3705,524,520,642.65,668.617
2015/07/01,3550,3690,3545,3680,728,545,633.25,667.75
2015/06/30,3500,3550,3500,3525,421,539.6,609.3,662.817
2015/06/29,3525,3530,3450,3500,523,634.4,602.5,669.067
2015/06/26,3660,3660,3560,3585,404,642.4,599.55,669.817
2015/06/25,3595,3640,3590,3640,649,651,614.2,679.633
2015/06/24,3575,3620,3555,3580,701,636.8,618.1,678.95
2015/06/23,3495,3565,3490,3555,895,581,602.65,679.7
2015/06/22,3420,3450,3390,3450,563,508.8,576.7,670.667
2015/06/18,3380,3395,3350,3350,447,494.8,599.7,668.367
2015/06/17,3330,3385,3300,3360,578,577,604.9,668.267
2015/06/16,3285,3300,3220,3300,422,586.4,621.1,669.833
2015/06/15,3320,3320,3235,3255,534,646.2,659.2,676.383
2015/06/12,3370,3410,3355,3355,493,701.6,660.3,680.567
2015/06/11,3290,3390,3290,3355,858,759.2,668.5,685.05
2015/06/10,3310,3360,3270,3270,625,822.6,641.35,676.683
2015/06/09,3340,3350,3240,3255,721,764.8,625.3,672.267
2015/06/08,3280,3420,3220,3340,811,670.4,618.8,670.533
2015/06/05,3230,3325,3225,3255,781,565.2,599.2,672.267
2015/06/04,3445,3470,3135,3205,1175,501.8,584.95,673.717
2015/06/03,3470,3500,3445,3455,336,406.2,546.45,668.333
2015/06/02,3455,3475,3420,3440,249,484.4,552.15,682.483
2015/06/01,3430,3470,3420,3455,285,513,565.9,688.817
2015/05/29,3480,3480,3405,3420,464,531.2,581.95,689.683
2015/05/28,3535,3545,3430,3450,697,643,597.75,690.55
2015/05/27,3460,3575,3460,3515,727,613.8,589.05,690.017
2015/05/26,3470,3520,3450,3460,392,648.8,587.1,691.8
2015/05/25,3450,3485,3420,3465,376,807.2,604.4,693.533
2015/05/22,3345,3500,3345,3460,1023,843.2,636.35,702.767
2015/05/21,3325,3330,3280,3305,551,770,640.3,696.017
2015/05/20,3330,3350,3265,3330,902,722.8,665.3,693.117
2015/05/19,3160,3325,3135,3325,1184,603.2,669.55,689.133
2015/05/18,3115,3160,3105,3130,556,484.6,696.9,680.983
2015/05/15,3120,3155,3080,3080,657,457.2,727,683.117
2015/05/14,3150,3155,3110,3110,315,425,741.2,698.867
2015/05/13,3140,3155,3110,3125,304,443,797.05,701.85
2015/05/12,3135,3170,3110,3110,591,472.2,813.95,713.333
2015/05/11,3170,3210,3140,3180,419,458.8,804.3,722.25
2015/05/08,3145,3185,3120,3120,496,496.2,810.7,723.983
2015/05/07,3150,3165,3100,3105,405,553,813.45,729.817
2015/05/06,3200,3200,3150,3150,450,576.6,816.75,743.517
2015/05/05,3195,3220,3165,3220,524,624.2,817.85,744.3
2015/05/04,3130,3190,3120,3190,606,667,813.25,749.667
2015/04/30,3120,3160,3035,3080,780,748.8,822.75,756.25
2015/04/29,3180,3185,3120,3120,523,813.2,812.15,777.533
2015/04/28,3200,3220,3160,3200,688,918.8,835.65,781.1
2015/04/27,3150,3220,3135,3200,738,978.6,831.65,793.267
2015/04/24,3165,3230,3060,3115,1015,1177.2,832.05,813.7
2015/04/23,3055,3165,3035,3145,1102,1205.8,798.95,811.933
2015/04/22,2980,3065,2965,3065,1051,1173.6,765.1,826.633
2015/04/21,2965,3010,2940,2945,987,1249.8,734.6,819.383
2015/04/20,2810,2980,2780,2935,1731,1180.8,718.85,812.517
2015/04/17,2815,2815,2760,2810,1158,914.2,673.05,793.2
2015/04/16,2755,2790,2755,2785,941,792,654.4,781.983
2015/04/15,2695,2780,2695,2745,1432,714,645.45,784.75
2015/04/14,2700,2705,2670,2675,642,521.8,591.65,783.517
2015/04/13,2725,2725,2695,2705,398,487.8,577.55,793.383
2015/04/10,2690,2725,2680,2695,547,494.6,588.5,810.55
2015/04/09,2695,2735,2670,2670,551,544.4,606.9,815.317
2015/04/08,2715,2770,2695,2695,471,547.8,622.75,811.717
2015/04/07,2750,2775,2735,2755,472,652.2,641.8,816.75
2015/04/02,2755,2770,2730,2730,432,679.4,677.45,829.2
2015/04/01,2695,2735,2670,2735,796,742.2,687.3,824.45
2015/03/31,2680,2705,2665,2695,568,653.6,664.35,817.067
2015/03/30,2685,2685,2600,2635,993,625,661.75,811.783
2015/03/27,2685,2720,2660,2660,608,514.6,645.35,805.567
2015/03/26,2700,2725,2680,2685,746,527.4,656.65,808.383
2015/03/25,2765,2765,2730,2755,353,541.2,644.15,803.717
2015/03/24,2790,2800,2750,2765,425,627.6,673,822.583
2015/03/23,2770,2800,2765,2770,441,695,682.65,834.883
2015/03/20,2790,2820,2760,2760,672,678,679.45,848.117
2015/03/19,2785,2795,2745,2785,815,615.6,679,853.617
2015/03/18,2735,2760,2720,2750,785,576,673,854.1
2015/03/17,2680,2735,2680,2735,762,602,667.95,858.15
2015/03/16,2680,2685,2650,2655,356,623.2,709.95,866.683
2015/03/13,2700,2720,2670,2670,360,722.4,716.85,874.483
2015/03/12,2685,2705,2670,2685,617,887.4,748.5,887.417
2015/03/11,2620,2710,2620,2670,915,889.8,773.95,900.25
2015/03/10,2750,2760,2660,2660,868,774.2,754.35,902.633
2015/03/09,2730,2780,2695,2770,852,703.8,753.25,902
2015/03/06,2600,2740,2600,2735,1185,666.4,772,911.5
2015/03/05,2645,2645,2610,2615,629,596.2,737.6,913.033
2015/03/04,2660,2680,2655,2655,337,569.6,748.45,925.2
2015/03/03,2670,2690,2660,2670,516,688.2,781.65,931.95
2015/03/02,2710,2720,2655,2655,665,708.6,858.7,946.85
2015/02/26,2725,2725,2670,2680,834,651,862.3,965.25
2015/02/25,2780,2790,2720,2755,496,616.8,891.5,969.333
2015/02/24,2750,2785,2730,2780,930,656.6,964.9,978.233
2015/02/13,2700,2735,2700,2705,618,607.4,963.85,985.067
2015/02/12,2705,2705,2665,2680,377,804.2,1032.15,1016.083
2015/02/11,2660,2700,2660,2690,663,827.6,1044.1,1038.6
2015/02/10,2655,2680,2630,2645,695,893.6,1039.7,1036.933
2015/02/09,2610,2655,2585,2655,684,979.8,1033.55,1035.3
2015/02/06,2675,2690,2595,2605,1602,947.6,1023.6,1040.2
2015/02/05,2730,2760,2720,2760,494,796.4,998.85,1039.15
2015/02/04,2795,2820,2730,2730,993,943,1042.05,1055.317
2015/02/03,2685,2760,2675,2760,1126,843.8,1054.1,1058.55
2015/02/02,2640,2670,2615,2665,523,787.8,1069.2,1064.983
2015/01/30,2670,2700,2640,2640,846,883.4,1084.7,1083.767
2015/01/29,2745,2745,2630,2640,1227,1125.6,1059.15,1099.767
2015/01/28,2745,2755,2715,2750,497,1027.6,1036.45,1098.417
2015/01/27,2790,2805,2745,2750,846,1211.8,1072.55,1115.7
2015/01/26,2765,2790,2725,2760,1001,1435.4,1037.6,1123
2015/01/23,2640,2770,2640,2770,2057,1417,1005.2,1120.417
2015/01/22,2600,2625,2560,2625,737,1402.4,914.9,1101.267
2015/01/21,2580,2610,2570,2580,1418,1378.2,909.05,1117.017
2015/01/20,2435,2565,2425,2555,1964,1209.6,877,1129.767
2015/01/19,2420,2430,2400,2430,909,931.2,802.1,1129.983
2015/01/16,2450,2450,2375,2385,1984,846.4,830.9,1137.05
2015/01/15,2355,2365,2325,2360,616,671,789.85,1137.25
2015/01/14,2355,2355,2310,2350,575,819.4,820.8,1161.75
2015/01/13,2320,2365,2320,2340,572,951.2,842.15,1173.2
2015/01/12,2350,2355,2315,2320,485,1122.4,855.75,1205.75
2015/01/09,2395,2400,2340,2340,1107,1192,882.9,1240.917
2015/01/08,2340,2380,2325,2365,1358,1037.6,891.25,1253
2015/01/07,2300,2325,2265,2300,1234,920.6,864.55,1264.383
2015/01/06,2320,2340,2260,2275,1428,917.6,859.65,1259.917
2015/01/05,2400,2410,2350,2350,833,661.4,857.6,1254.5
2014/12/31,2375,2395,2375,2395,335,565.4,868.85,1258.933
2014/12/30,2420,2430,2375,2375,773,548.6,893.6,1272.367
2014/12/29,2330,2410,2315,2395,1219,518,926.05,1280.933
2014/12/27,2320,2325,2310,2310,147,429.6,928.95,1286.667
2014/12/26,2285,2315,2275,2315,353,493.4,989.55,1315.133
2014/12/25,2285,2290,2270,2275,251,719.8,1009,1327.283
2014/12/24,2290,2295,2265,2275,620,902.2,1066.95,1347.583
2014/12/23,2330,2340,2280,2280,777,1025.2,1124.4,1361.933
2014/12/22,2320,2330,2285,2325,466,1070.2,1139.5,1378.983
2014/12/19,2320,2355,2270,2300,1485,1145.8,1167.7,1406.333
2014/12/18,2300,2315,2265,2265,1163,1054.4,1160.45,1409.533
2014/12/17,2255,2300,2230,2250,1235,1076.6,1226.25,1402.933
2014/12/16,2320,2335,2250,2250,1002,994.4,1250.9,1395.1
2014/12/15,2310,2340,2300,2335,844,1021.2,1228.95,1389.733
2014/12/12,2315,2345,2310,2325,1028,1129.8,1216.6,1387.083
2014/12/11,2235,2310,2220,2300,1274,1135.8,1214.1,1382.5
2014/12/10,2290,2320,2250,2255,824,1047,1227.35,1382.95
2014/12/09,2265,2300,2235,2290,1136,1166.6,1259.35,1380.833
2014/12/08,2375,2395,2275,2285,1387,1194.8,1261.9,1385.867
2014/12/05,2400,2430,2340,2370,1058,1189.2,1268.15,1397.033
2014/12/04,2405,2440,2395,2400,830,1126,1297.75,1387.7
2014/12/03,2410,2440,2375,2380,1422,1242,1346.55,1382.317
2014/12/02,2445,2445,2365,2375,1277,1311.4,1332.75,1371.2
2014/12/01,2320,2465,2320,2465,1359,1271.8,1345.6,--
2014/11/28,2395,2410,2375,2385,742,1206,1341.85,--
2014/11/27,2440,2475,2370,2375,1410,1325.6,1347.05,--
2014/11/26,2385,2440,2365,2425,1769,1539.4,1321.95,--
2014/11/25,2320,2385,2295,2385,1079,1531.2,1317.6,--
2014/11/24,2355,2385,2305,2305,1030,1428,1372.8,--
2014/11/21,2360,2365,2295,2335,1340,1341.4,1420.15,--
2014/11/20,2215,2340,2215,2340,2479,1269,1419.8,--
2014/11/19,2150,2220,2125,2190,1728,1081,1395.65,--
2014/11/18,2130,2140,2110,2130,563,1028.2,1413.55,--
2014/11/17,2160,2160,2105,2115,597,1153,1448.5,--
2014/11/14,2145,2160,2110,2125,978,1336,1544.9,--
2014/11/13,2085,2145,2085,2120,1539,1470.4,1625.75,--
2014/11/12,2115,2130,2035,2080,1464,1523.8,1640.4,--
2014/11/11,2140,2170,2100,2120,1187,1460.2,1669.25,--
2014/11/10,2155,2220,2110,2115,1512,1529.6,1658.2,--
2014/11/07,2015,2150,2015,2145,1650,1484,1637.75,--
2014/11/06,2125,2140,2005,2010,1806,1323.2,1610.2,--
2014/11/05,2190,2190,2080,2085,1146,1143.6,1576.95,--
2014/11/04,2210,2230,2160,2160,1534,1250.8,1584,--
2014/11/03,2155,2230,2140,2210,1284,1380.6,1585.45,--
2014/10/31,2115,2145,2115,2135,846,1519.2,1614,--
2014/10/30,2120,2125,2085,2095,908,1616.6,1625.8,--
2014/10/29,2100,2160,2085,2120,1682,1834.2,1653.85,--
2014/10/28,1995,2085,1935,2080,2183,1915,1643.8,--
2014/10/27,2050,2060,1950,1950,1977,1730.8,1624.65,--
2014/10/24,2050,2065,2005,2030,1333,1840.4,1631.15,--
2014/10/23,2025,2105,2010,2025,1996,2092.8,1648.35,--
2014/10/22,2200,2215,2050,2050,2086,2060,1586.9,--
2014/10/21,2160,2200,2110,2150,1262,2051,1520.85,--
2014/10/20,2200,2200,2060,2155,2525,1991.8,1491.75,--
2014/10/17,2295,2295,2160,2160,2595,1707.4,1399.75,--
2014/10/16,2215,2325,2160,2320,1832,1408.2,1307.65,--
2014/10/15,2275,2305,2135,2215,2041,1270,1281.1,--
2014/10/14,2280,2330,2270,2275,966,1119.2,1213.9,--
2014/10/13,2220,2295,2210,2275,1103,1238.6,1237.5,--
2014/10/09,2350,2360,2275,2275,1099,1389,1285.2,--
2014/10/08,2300,2365,2275,2275,1141,1385.6,1255.15,--
2014/10/07,2370,2375,2290,2305,1287,1451.2,1223.45,--
2014/10/06,2420,2450,2370,2370,1563,1490,1196.85,--
2014/10/03,2315,2420,2315,2390,1855,1537.4,--,--
2014/10/02,2195,2275,2185,2270,1082,1587.8,--,--
2014/10/01,2180,2275,2160,2210,1469,1706.8,--,--
2014/09/30,2235,2240,2125,2180,1481,1566.4,--,--
2014/09/29,2110,2235,2070,2230,1800,1423.2,--,--
2014/09/26,2060,2095,1985,2090,2107,1199.2,--,--
2014/09/25,2290,2320,2110,2110,1677,914.8,--,--
2014/09/24,2280,2335,2260,2265,767,730,--,--
2014/09/23,2320,2350,2280,2280,765,836.8,--,--
2014/09/22,2385,2390,2330,2340,680,823.2,--,--
2014/09/19,2375,2400,2360,2400,685,974.8,--,--
2014/09/18,2365,2375,2325,2360,753,1249.2,--,--
2014/09/17,2270,2375,2270,2350,1301,1198.2,--,--
2014/09/16,2290,2310,2255,2255,697,1039.4,--,--
2014/09/15,2250,2310,2250,2280,1438,1051,--,--
2014/09/12,2385,2385,2235,2250,2057,--,--,--
2014/09/11,2470,2470,2400,2400,498,--,--,--
2014/09/10,2435,2445,2405,2445,507,--,--,--
2014/09/09,2480,2490,2425,2440,755,--,--,--
